complete_video_IDs,video_titles
https://www.youtube.com/watch?v=BNCZOFy1neE,These_stocks_could_give_a_Breakout!_
https://www.youtube.com/watch?v=nDLRea8gp3c,Why_did_I_quit_my_high_paying_job?
https://www.youtube.com/watch?v=NZxejh1HAiE,Can_Elon_Musk_buy_Twitter?_#shorts_#ElonMusk
https://www.youtube.com/watch?v=PUBebNPSjm4,Fundamental_Analysis_of_a_MONOPOLY_STOCK
https://www.youtube.com/watch?v=q53x02iRwPE,Government_should_pay_you_TAX_#shorts_#taxinindia
https://www.youtube.com/watch?v=MOxRi965ybM,Salaried_class_in_India_gets_crushed!_(Why_&_how?)_
https://www.youtube.com/watch?v=BKGo_G3sRRE,The_FREEBIE_political_economy_in_India
https://www.youtube.com/watch?v=YYi5qiRzVYs,Global_recession_soon?_
https://www.youtube.com/watch?v=Iv1v9VJjvu4,How_to_save_30%_Crypto_Tax?_
https://www.youtube.com/watch?v=YnhJDPk9SUs,Fundamental_Analysis_of_a_rising_FMCG_stock
https://www.youtube.com/watch?v=MHuDl4R14c4,Why_PETROL/Diesel_prices_are_high_in_India?
https://www.youtube.com/watch?v=-dNfBZmPly0,5_MUST_KNOW_finance_rules_for_everyone_
https://www.youtube.com/watch?v=rd8l7hDs7vc,MONEY_MAKES_MONEY_
https://www.youtube.com/watch?v=dYDIv3Ghhyw,How_to_live_a_great_life_on_a_Low_Salary!_[5_practical_strategies]
https://www.youtube.com/watch?v=a3wkypbkJgA,The_best_Fixed_Deposit_option_with_0_taxes!
https://www.youtube.com/watch?v=YBDmDCruHmA,"HDFC,_the_growth_story:_Buy_or_Sell_now?_#HDFC_#HDFCBank"
https://www.youtube.com/watch?v=MmyVo9VvHSQ,Middle_Class_getting_CRUSHED_in_India_#shorts
https://www.youtube.com/watch?v=JxZRqJj5WSo,How_politicians_rob_citizens?_[Sri_Lanka_economic_crisis]
https://www.youtube.com/watch?v=ctfJapIt0aY,How_Rs.100_today_becomes_Rs.96_next_year!_#shorts
https://www.youtube.com/watch?v=PU44P0CpNOE,Earn_MORE_by_working_LESS_
https://www.youtube.com/watch?v=aYzxX-T1CUs,Russia_buying_more_GOLD!_How_will_it_impact_the_Indian_and_the_US_stock_markets?
https://www.youtube.com/watch?v=96KM562jyKI,Make_15%_returns_from_Stock_Markets_easily!
https://www.youtube.com/watch?v=rHGw4qSlXwk,Why_does_the_salaried_class_suffer_in_India?
https://www.youtube.com/watch?v=sdrZoDy-o-Q,How_to_invest_your_salary_for_good_returns?
https://www.youtube.com/watch?v=xCazdIy558Q,How_to_build_a_side_income?_
https://www.youtube.com/watch?v=2WNJO0ybd4g,Where_to_invest_in_the_SHORT-TERM?_[1-3_years_period]
https://www.youtube.com/watch?v=dpNfQ84JTIU,Buy_stocks_like_a_PRO!_#shorts
https://www.youtube.com/watch?v=WfSE9t1PRtM,How_to_invest_in_PSU_Stocks?_
https://www.youtube.com/watch?v=svNeEAOA-Vk,1-minute_FREE_startup_course_by_JEFF_BEZOS!_#shorts_#jeffbezos
https://www.youtube.com/watch?v=IEeJGw4yCN8,The_SIMPLEST_SWING_TRADE_EVER_[with_almost_guaranteed_returns]_
https://www.youtube.com/watch?v=20Svqr0APdo,Making_your_FIRST_1Cr_is_Difficult!__Here_is_why...._#shorts
https://www.youtube.com/watch?v=eI8hZWbGCoU,"Buy_Zomato_now?_10-min_delivery_model,_decoded!"
https://www.youtube.com/watch?v=FTY98SiFTEI,How_India_is_getting_BANKRUPT?_#shorts
https://www.youtube.com/watch?v=m81ihLG1ZWg,How_to_make_dividend_income_
https://www.youtube.com/watch?v=0W1JI_WogFI,How_to_EARN_More_
https://www.youtube.com/watch?v=NQqlA4Y7brY,How_to_make_money_on_YouTube?_#shorts
https://www.youtube.com/watch?v=HuvpsT--KVE,Maruti_Stock_about_to_Skyrocket?_
https://www.youtube.com/watch?v=u70OpBPtlZo,This_MONOPOLY_Tech_stock_could_easily_double!_
https://www.youtube.com/watch?v=SsTYLs60VYk,My_portfolio_revealed!_
https://www.youtube.com/watch?v=CSU28yiq2kE,How_to_BUY_undervalued_stocks?_[simple_strategies]_#STOCK_MARKET_INVESTING_FOR_BEGINNERS
https://www.youtube.com/watch?v=IGLkUuY2SJ0,"PayTm,_Nykaa,_Zomato_in_NIFTY_Next_50!_Buy_now?_#shorts"
https://www.youtube.com/watch?v=HaYupvyjJxI,Cryptos_will_SKYROCKET!_[Ultimate_Crypto_investing_guide_2022]_
https://www.youtube.com/watch?v=LYNKvboBRqQ,Maruti:_No_EV_BUSINESS?_#shorts
https://www.youtube.com/watch?v=MRYw1hwWa4s,STOCK_MARKETS_will_fall_due_to_weak_rupee?_(and_how_to_save_wealth!)
https://www.youtube.com/watch?v=Y5PDep8SmSA,Paytm_Crash_
https://www.youtube.com/watch?v=CecGfzZs4cE,How_to_build_a_GREAT_PORTFOLIO_with_1Lakh_rupees_
https://www.youtube.com/watch?v=kg2P_Rpns3Y,Good_vs_Bad_Monopoly_stocks!
https://www.youtube.com/watch?v=sEvl-Td67Nw,Invest_in_Fixed_Deposits_#shorts
https://www.youtube.com/watch?v=Q8zPmD2sU9U,Several_Stocks_will_CRASH
https://www.youtube.com/watch?v=_heZ4WBec2I,Job_market_crash_2022_#shorts
https://www.youtube.com/watch?v=D7BUvtIWi2s,Very_SLOW_growth_ahead?_
https://www.youtube.com/watch?v=SCKbgchHrNE,How_to_choose_your_career?_#shorts
https://www.youtube.com/watch?v=Nuqf65RMzz4,Right_time_to_invest_in_this_revolutionary_tech?
https://www.youtube.com/watch?v=bG7Pgp2GXPQ,Why_INDIANS_are_paid_LOW_SALARIES?_#shorts
https://www.youtube.com/watch?v=fZL5MFtRzJ0,Buy/Sell_these_stocks?
https://www.youtube.com/watch?v=YhFOhoFL9sY,"Pay_HIGH_tax,_but_what_do_you_get_in_return?_#shorts"
https://www.youtube.com/watch?v=lmbaOrsoPGM,LIVE_DISCUSSION:_Stock_Market_FALL!_
https://www.youtube.com/watch?v=OqXx3ldF5uY,RICHEST_politician_in_the_world_#shorts
https://www.youtube.com/watch?v=21Pm9MB6kOk,How_to_invest_in_the_stock_markets_[Ultimate_Guide_2022]
https://www.youtube.com/watch?v=ezzsId2DaUs,"Buy_Low,_Sell_High_(EASIEST_STRATEGY_TO_MAKE_MONEY!)_#shorts"
https://www.youtube.com/watch?v=b6SMhDtGCsQ,Buy_more_or_exit_the_market?
https://www.youtube.com/watch?v=98RQJrTfO4s,Why_is_India_SUPER_EXPENSIVE_for_the_MIDDLE_CLASS?_#shorts
https://www.youtube.com/watch?v=hqbMGuqtBuI,Buy_or_Rent_a_house_in_2022?
https://www.youtube.com/watch?v=pgEI24DQ9gs,THIS_will_increase_your_salary_100%....
https://www.youtube.com/watch?v=HpkOye6CBp0,"Bluechips_[HUL,_HDFC]_fall_massively!_"
https://www.youtube.com/watch?v=MwJPvB-UAos,"To_retire_with_1L/month,_you_need_a_corpus_of...._#shorts"
https://www.youtube.com/watch?v=bd8ry8pGO1w,NO_30%_tax_on_buying_Bitcoins_
https://www.youtube.com/watch?v=Rxu-WSCVEi0,"Banks_Fall,_Buy_More?_"
https://www.youtube.com/watch?v=ViPPMraSTeo,When_will_the_markets_recover_(or_crash)?_
https://www.youtube.com/watch?v=EslOHUxESt0,"Become_DEBT_FREE_[0_Debt,_0_Tension]_#shorts"
https://www.youtube.com/watch?v=bS15md6jqi4,3_Trends_that_can_5X_your_returns!_[Trend_Based_Investing_Strategy]
https://www.youtube.com/watch?v=ICZUilA3eU8,"Rent,_not_buy_a_house_[LOGIC]_#shorts"
https://www.youtube.com/watch?v=B348n650iLM,A_GREAT_stock?_Fundamental_Analysis
https://www.youtube.com/watch?v=PMC_611pVGw,Are_Cryptos_fundamentally_bad?_#shorts
https://www.youtube.com/watch?v=cM8l4RKG-uw,5_strategies_to_buy_every_dip!
https://www.youtube.com/watch?v=wggDXnby1UU,Buy_or_Sell?
https://www.youtube.com/watch?v=Rt21-qOqNKg,Russia-Ukraine_Crisis:_Which_stocks_did_I_buy_today?
https://www.youtube.com/watch?v=dE2cjK8chQ8,Great_time_to_buy!
https://www.youtube.com/watch?v=qj7Kv1fiX9Q,Buy_or_Sell_Now?
https://www.youtube.com/watch?v=pUOujJlSTOU,10X_Returns_now?
https://www.youtube.com/watch?v=S4yV6rcXFmE,40_Lakh_job_WITHOUT_COLLEGE?_#shorts
https://www.youtube.com/watch?v=8VC5Z_WVkAc,5_AMAZING_strategies_for_making_money_
https://www.youtube.com/watch?v=cOap-VC-wRQ,Financial_Independence_in_1_minute
https://www.youtube.com/watch?v=p_haMc1Ld1o,Buy_or_Sell_stocks?
https://www.youtube.com/watch?v=yjxy2aDXRE0,Drop_out_of_college_NOW?_#shorts
https://www.youtube.com/watch?v=eQPlHHz0W7o,Why_the_rich_are_getting_RICHER!
https://www.youtube.com/watch?v=Kwiu95BHZkA,How_RETAIL_INVESTORS_can_invest_in_Startups
https://www.youtube.com/watch?v=ZmyehGvmGsU,Great_stock_to_buy!
https://www.youtube.com/watch?v=mob-MKBf-Pk,How_to_invest_in_volatile_markets_safely
https://www.youtube.com/watch?v=jFO7U-9M3RI,Selling_my_Cryptos_now?
https://www.youtube.com/watch?v=Bdsu5js-bqs,3_SIMPLE_rules_to_get_SUPER_Rich!
https://www.youtube.com/watch?v=-pXIGwbnRwc,Why_you_should_not_buy_BNPL/other_fancy_cards?
https://www.youtube.com/watch?v=h10GygeLL8I,Buy_more_or_sell_these_FUNDAMENTALLY_STRONG_stocks
https://www.youtube.com/watch?v=OlRXgBRvO7g,Markets_falling_(RBI's_Monetary_Policy)_?
https://www.youtube.com/watch?v=XgkMloGkwpU,Bitcoin_vs_CBDC_[Central_Bank_Digital_Currency]_
https://www.youtube.com/watch?v=reV-oxdm_bU,Markets_will_CRASH_7_TIMES_this_year?
https://www.youtube.com/watch?v=z1zqLizic7Y,3_Mistakes_that_will_make_you_RICH!
https://www.youtube.com/watch?v=hgIZij5yARs,Buy_now?
https://www.youtube.com/watch?v=gAfWIPnbjq0,How_to_make_1L_in_dividends?
https://www.youtube.com/watch?v=ECc_0RCyYY0,Great_stock_to_buy!
https://www.youtube.com/watch?v=QlUTcW0PMvk,"Tech_Meltdown,_great_time_to_buy?"
https://www.youtube.com/watch?v=cYhdEB_oLgo,56X_possible_returns!
https://www.youtube.com/watch?v=0mfd8MPAhEU,Invest_in_0_profit_firms_#shorts
https://www.youtube.com/watch?v=Oj8QpbNdfwE,Best_Investment_Strategy_right_now?_
https://www.youtube.com/watch?v=Y0yzjw1xg3k,Buy_1/4th_MRF?_#shorts
https://www.youtube.com/watch?v=N1nIlTzOAM0,Budget_Discussion_2022
https://www.youtube.com/watch?v=e2JUsVCxqTk,Watch_Budget_&_Buy_Stocks?_#shorts_#budget2022
https://www.youtube.com/watch?v=2Ms2gG27wyA,How_to_make_massive_returns!
https://www.youtube.com/watch?v=jtvysmkz-qM,Stock_Market_will_go_up?_#BUDGET2022
https://www.youtube.com/watch?v=9Tc8-LiAcDU,Buying_these_stocks_right_now
https://www.youtube.com/watch?v=E0XvzM7rVak,"Top_stocks_gutted_down,_should_you_buy?"
https://www.youtube.com/watch?v=Mmv7Pt91tO4,World_War_3_&_Impact_on_your_portfolio
https://www.youtube.com/watch?v=jjnNw6Mi4Yo,Bitcoin:_Buy_on_Dips?_#shorts_#cryptos
https://www.youtube.com/watch?v=lAfd44X_ZS8,"How_to_invest_with_Saurabh_Mukherjea,_Salil_Desai_and_Akshat"
https://www.youtube.com/watch?v=V3We22sDi-I,Crypto_Crash_-_Buy_or_Sell?
https://www.youtube.com/watch?v=I3O-viCUS3A,15*15*15=1Cr?_
https://www.youtube.com/watch?v=SqNehYabteo,Market_Crash_-_Reasons_and_Way_ahead
https://www.youtube.com/watch?v=zwLHJlNMlf4,Should_you_invest?_Ft._@Ayushi_Chand
https://www.youtube.com/watch?v=2r2eDY2qTsg,Great_buying_opportunity?
https://www.youtube.com/watch?v=1UAzlN2-47Q,Global_economy_crashing?_
https://www.youtube.com/watch?v=dy-ISjr1Wgk,How_to_invest_in_this_revolutionary_tech?
https://www.youtube.com/watch?v=V2ailBMoBoI,Buy/Sell:_These_stocks_could_Skyrocket
https://www.youtube.com/watch?v=NjKTvIMWqxM,Stock_Analysis:_Deep_discount_or_Trap_for_retail_investors?
https://www.youtube.com/watch?v=EKzofU_8FnU,Stocks_to_buy_and_avoid
https://www.youtube.com/watch?v=sp_EtDL5XoI,Should_you_buy_this_stock?
https://www.youtube.com/watch?v=RvRvZltTo8o,Where_to_invest_in_2022?
https://www.youtube.com/watch?v=IciqMVnNh6g,"Small_Investments,_great_returns--_SPECULATION_Strategy_in_Stock_INVESTING,_explained!"
https://www.youtube.com/watch?v=Rbmxkuqqj0s,Work_from_Home_Earning_Options_in_METAVERSE!
https://www.youtube.com/watch?v=zd02mQSJidQ,5_steps_to_make_MORE_RETURNS!
https://www.youtube.com/watch?v=E8hjR3F3QOs,GREAT_time_to_buy_tech_stocks?
https://www.youtube.com/watch?v=X5NBRp9tWO4,Bull_Run_in_India_
https://www.youtube.com/watch?v=rhcHuBgM6Lw,The_REAL_POWER_of_Monopoly_TECH_STOCKS
https://www.youtube.com/watch?v=p8cRw2_aXFQ,5_Business_Ideas_that_can_make_you_RICH
https://www.youtube.com/watch?v=8fUcU4nkKgs,"1_stock,_100%_gains_"
https://www.youtube.com/watch?v=SUaVedd9L9g,Build_these_3_Amazing_income_streams!
https://www.youtube.com/watch?v=YtSaidtGc9U,What_are_SMART_CONTRACTS?__(Explained_in_15_mins!)
https://www.youtube.com/watch?v=h-CJ24omKrw,Markets_
https://www.youtube.com/watch?v=Bz9m8C8X_jU,Fake_vs_Real_Growth_in_Stocks
https://www.youtube.com/watch?v=hOrqOJ6dXO8,My_total_stock_market_returns_
https://www.youtube.com/watch?v=s9oSsNGC3H0,Investment_strategies_for_great_returns!_[Dhando_Strategy]
https://www.youtube.com/watch?v=YWA214UdNjk,3_great_stock_market_strategies_for_salaried_people
https://www.youtube.com/watch?v=aTQh_RQZ8MQ,Should_YOU_invest?_The_REAL_Value_of_NFTs
https://www.youtube.com/watch?v=nnK8kbibtgs,How_to_invest_15K_for_GROWTH!
https://www.youtube.com/watch?v=ZWz7eqbsJmk,"Great_stock,_Decent_price"
https://www.youtube.com/watch?v=MpTadQpq9LY,My_SECRET_to_analysing_stocks!
https://www.youtube.com/watch?v=UfMuKG1ViJ4,Make_100X_returns_like_Musk_
https://www.youtube.com/watch?v=1I-XQViRFq0,Great_strategy_to_buy_the_dip!
https://www.youtube.com/watch?v=OY4otpxkeqs,The_next_YES_Bank?_
https://www.youtube.com/watch?v=sjRjE0lxKQQ,My_BEST_&_Worst_Investments_in_2021_
https://www.youtube.com/watch?v=8jf8HYi39W8,Finance_with_Akshat_and_Zayn_#shorts
https://www.youtube.com/watch?v=tLJ2iCfmzHY,1_Crore_package_reality_IIT/IIM_Salary_
https://www.youtube.com/watch?v=t8m26sJgKMg,"Profitable_but_Risky_portfolio_with_INR_10,000_"
https://www.youtube.com/watch?v=wOqJzJri8B0,NFT_Investing_and_Staking_explained_
https://www.youtube.com/watch?v=Gz07wOEk8YQ,TECHNICAL_Analysis_of_Stocks_for_beginners_
https://www.youtube.com/watch?v=8Q1OXvjS4yM,What_stocks_to_buy_with_1L_
https://www.youtube.com/watch?v=5HQTcxAWKqk,My_5_secrets_to_making_money!
https://www.youtube.com/watch?v=yq5VEdfTZIc,India's_potential_Multibagger_Tech_stocks_#AtomstoBitsFramework
https://www.youtube.com/watch?v=mBun0K5exVM,Should_you_buy_or_sell?_And_re-enter_later
https://www.youtube.com/watch?v=VQp7tx8xEao,Tutorial_Video:_How_to_invest_in_US_stocks_
https://www.youtube.com/watch?v=qCvpa991XsU,"How_to_Earn,_spend_and_invest_money!"
https://www.youtube.com/watch?v=hjcvBHuPKrA,LIVE_DISCUSSION:_Market_and_Fall_-_What_to_do?
https://www.youtube.com/watch?v=wEXtbPxbDlc,How_to_make_a_lot_of_money_in_the_stock_market
https://www.youtube.com/watch?v=_pfHRCuYh6M,How_to_build_these_8_income_streams
https://www.youtube.com/watch?v=DZOZ2B_iXjo,What_are_BAT_tokens?_And_why_am_I_buying_these?
https://www.youtube.com/watch?v=eNyNtj2zf3A,Stocks_that_I_am_buying_and_selling
https://www.youtube.com/watch?v=TicLJU6DXJ0,My_3_NEW_Crypto_investments_in_2022_
https://www.youtube.com/watch?v=KooB6MqY-jw,How_to_CATCH_A_FALLING_KNIFE_to_make_money!
https://www.youtube.com/watch?v=dda1SkfLjrI,How_YOU_can_invest_in_Metaverse
https://www.youtube.com/watch?v=-fJRdBJ8U8c,List_of_great_Mid-cap_stocks
https://www.youtube.com/watch?v=P94DxjckQh8,TATA_Group:_Fundamental_Analysis_of_Stocks_
https://www.youtube.com/watch?v=vnq8i-Rdw08,5_stocks_at_discount!
https://www.youtube.com/watch?v=nldId7UtBg0,GREAT_returns_with_SMALL_investments!
https://www.youtube.com/watch?v=ObYEixHwgYw,Where_to_invest_in_2022?
https://www.youtube.com/watch?v=aik2AnFO8Po,Can_an_IIT_graduate_save_this_firm?
https://www.youtube.com/watch?v=jj5KiWvIFes,Which_stocks_to_BUY_NOW?
https://www.youtube.com/watch?v=6FVI-0a5YXg,Why_this_market_leader_is_falling?
https://www.youtube.com/watch?v=aSxNaJvAgl4,Best_EV_Stock?
https://www.youtube.com/watch?v=gDMJ2AOMe_M,[GIVEAWAY_ANNOUNCEMENT]_3_things_that_can_kill_Bitcoin
https://www.youtube.com/watch?v=SuU1eAQd900,Multibagger_or_Overpriced?
https://www.youtube.com/watch?v=kczsCOd8iKA,List_of_good_stocks
https://www.youtube.com/watch?v=1VNr88Mviho,Buying_this_now!
https://www.youtube.com/watch?v=g0hFUTMrw2c,When_do_I_sell_my_stocks?
https://www.youtube.com/watch?v=bZPDW062vgU,How_to_make_regular_income_from_investments?
https://www.youtube.com/watch?v=OreLLwtoPj8,Bitcoin_banned_in_India?_#shorts_#bitcoin_#cryptonews
https://www.youtube.com/watch?v=U371Mns2-eg,How_to_grow_fast_in_your_career!
https://www.youtube.com/watch?v=tD1vjCNTWko,Should_you_sell_ALL_your_Cryptos_now?
https://www.youtube.com/watch?v=93RGd512qrw,"Should_you_buy,_hold_or_sell_stocks?"
https://www.youtube.com/watch?v=fMnAdWTcgbc,How_YOU_can_save_A_LOT_OF_taxes_
https://www.youtube.com/watch?v=letzMLRmR6Y,Stock_Market_Fall:_Live_Discussion
https://www.youtube.com/watch?v=kriJ0QSOf1k,GREAT_buying_opportunity_in_2_SOLID_stocks!
https://www.youtube.com/watch?v=4ELuiRL7T1Y,These_5_skills_will_change_your_career!
https://www.youtube.com/watch?v=uwYJeiECR9E,Great_buying_opportunity_in_this_stock?
https://www.youtube.com/watch?v=rRLgWn8sfxw,Invest_NOW?_
https://www.youtube.com/watch?v=8phvgDauxQM,"PayTM_falls_27%,_what_should_you_do?_#shorts_#PayTMIPO"
https://www.youtube.com/watch?v=PlN9f1cLI4A,"How_to_invest_in_Commercial_Properties:_expected_return,_REITS_and_other_details."
https://www.youtube.com/watch?v=4hU0307L6hY,Crypto_CRASH_today!--fundamental_analysis_of_Cryptos_
https://www.youtube.com/watch?v=Y9wb2XGMPYk,Job_Market_Crash!
https://www.youtube.com/watch?v=5XVIhmtzLLM,Why_are_big_investors_buying_this_TECH_giant?
https://www.youtube.com/watch?v=zDj4VoNu0yg,Buying_big!
https://www.youtube.com/watch?v=LIWTSmk1rlI,Inexpensive_stocks:_Are_they_worth_it?
https://www.youtube.com/watch?v=30wmprUlw3I,How_Penny_stocks_move?
https://www.youtube.com/watch?v=VrG-wQ5plGw,Investing_in_these_two_Cryptos!
https://www.youtube.com/watch?v=L4anHNVN21E,FOMO_Marketing?
https://www.youtube.com/watch?v=eMZ6-gjG3Sk,How_to_make_MORE_MONEY?_
https://www.youtube.com/watch?v=39y-nyM3xKo,"Yield_Farming,_Bonds_and_Squid_Tokens!"
https://www.youtube.com/watch?v=KxAxntYazAQ,Buying_big!
https://www.youtube.com/watch?v=cgi7H11KMac,This_stock_can_give_5X_returns?
https://www.youtube.com/watch?v=pAgaEWah0kg,What_am_I_buying_for_my_Son_for_the_next_20_Diwalis_#MuhuratTrading
https://www.youtube.com/watch?v=2RygPXeoiNg,Finance_YouTuber_singing_
https://www.youtube.com/watch?v=1mV_sjFLKPY,How_to_get_RICH?
https://www.youtube.com/watch?v=D3AAiauEbsg,Where_should_you_invest:_HDFC_vs_ICICI?
https://www.youtube.com/watch?v=CUMc1pRoXlQ,"Next_5_years,_where_am_I_investing"
https://www.youtube.com/watch?v=pfe9NVW9Ll0,7000000%_returns_on_this_asset?!_Building_an_investment_framework
https://www.youtube.com/watch?v=iJwbHeQkfDc,This_SMALLCAP_can_give_massive_returns_
https://www.youtube.com/watch?v=TPR7TfrGUHw,Buy/Sell?
https://www.youtube.com/watch?v=_fwHMckVLa8,Investing_in_this_new_asset
https://www.youtube.com/watch?v=0pHkufFiFks,Investing_heavily_in_these_stocks_(#Smallcase)
https://www.youtube.com/watch?v=9RNoid4y7i4,Buying_HUL_
https://www.youtube.com/watch?v=lPTXNq3cfzI,How_and_when_am_I_buying_more_of_this_asset
https://www.youtube.com/watch?v=qTlmXPUOG_k,How_do_I_invest_in_Mutual_Funds?_INDEX_INVESTING_(Market_Weighted_vs_Equal_Weighted)_
https://www.youtube.com/watch?v=bUXLJiZhb8M,Asian_Paints_&_a_mid-cap_MULTIBAGGER
https://www.youtube.com/watch?v=Nqc_6I3turw,My_investing_style_
https://www.youtube.com/watch?v=xhFfRLTb45w,"Buy,_Hold_or_Sell?"
https://www.youtube.com/watch?v=1SyX64uQTgM,One_stock_that_I_REGRET_not_buying.
https://www.youtube.com/watch?v=Gcox6BZXGxU,INVEST_MORE?_
https://www.youtube.com/watch?v=um42od-JW-M,Masterclass_on_communicating_effectively_
https://www.youtube.com/watch?v=hjglquW-RRA,BUYING_more_stocks_
https://www.youtube.com/watch?v=1JzGemtOpO4,THINK_in_English_and_become_FLUENT!_#shorts_#cambly
https://www.youtube.com/watch?v=AeJO5BV-mWo,NO_MORE_BANKING_stocks!
https://www.youtube.com/watch?v=i8kiKaht74U,Buy_this_and_get_bankrupt_
https://www.youtube.com/watch?v=gTWWJ00Btg4,"Low_risk,_high_return_SMALL_CAP"
https://www.youtube.com/watch?v=0QtG_bRhGM0,"0_Profits,_Billions_in_Valuations_"
https://www.youtube.com/watch?v=p2g8xXjsXyg,A_PENNY_Stock_worth_GOLD!
https://www.youtube.com/watch?v=t9UPE8CDuFs,Make_money_by_using_these_TECHNICAL_indicators_
https://www.youtube.com/watch?v=IeFkmdcGTlk,YOUTUBE_LIVE:_A_discussion_about_Stock_Market_and_Career
https://www.youtube.com/watch?v=yPtUDNUO7BQ,BEST_TIME_to_invest_in_this_sector?_Massive_growth_potential_in_Airlines?
https://www.youtube.com/watch?v=wAwgtXOEUHk,Should_you_INVEST_in_the_US_or_India?_
https://www.youtube.com/watch?v=upet0P9p3xU,My_stocks_and_crypto_picks_for_October_
https://www.youtube.com/watch?v=2pV0ZMtF5K0,Fundamental_analysis_of_a_MONOPOLY_STOCK
https://www.youtube.com/watch?v=-fktVCXDDac,Monopoly_Stock:_Buy_or_Sell?_(SWING_TRADE)
https://www.youtube.com/watch?v=S2IX8ph2c-k,Own_these_assets_and_GET_RICH!
https://www.youtube.com/watch?v=PZiMHFOX68s,Why_do_you_pay_TAXES?_
https://www.youtube.com/watch?v=7tjJ4Ziuy9I,Bitcoin:_Is_it_REALLY_an_Asset?
https://www.youtube.com/watch?v=CW-iEVN8zyk,Where_to_invest?_
https://www.youtube.com/watch?v=w_i9KxUqc_0,Live_investing_in_Cryptos_post_China_ban
https://www.youtube.com/watch?v=Ep08ccGf0mM,6_reasons_why_I_sell_stocks
https://www.youtube.com/watch?v=QKng1gSDq80,How_the_BULL_RUN_might_end?_
https://www.youtube.com/watch?v=jmJKiPb8Z4o,How_NEO-banks_can_help_you_save_more_
https://www.youtube.com/watch?v=y0hokqpsupU,Billionaires_who_changed_their_minds_about_#Bitcoin_#shorts
https://www.youtube.com/watch?v=UP-n1nt_jo8,Start_buying_this_FUNDAMENTALLY_STRONG_stock!
https://www.youtube.com/watch?v=VRNUT2Y_ULQ,These_6_financial_mistakes_will_cost_you_A_LOT!
https://www.youtube.com/watch?v=ym7FaH2HTQo,How_much_can_you_REALLY_EARN_by_working_abroad?
https://www.youtube.com/watch?v=kbfz7gTaQvg,Understand the NFT game_
https://www.youtube.com/watch?v=Zs9d9XidgN0,Market_CRASH_2021?_China_&_#Evergrande_CRISIS_explained
https://www.youtube.com/watch?v=V1ZSYo3xAmg,GROW_YOUR_WEALTH_in_10_years_
https://www.youtube.com/watch?v=irtdoP3YqCk,How_I_am_preparing_for_the_NEXT_BIG_CRASH!
https://www.youtube.com/watch?v=PhLF0-TjBu4,How_did_I_SAVE_&_INVEST_INR_4.44_CR?
https://www.youtube.com/watch?v=KdIIgJkogGk,Make_money_in_STOCK_MARKETS-_Learn_these_concepts!
https://www.youtube.com/watch?v=ZLp_QBIcbxo,Attend_my_FREE_Masterclass_on_Personal_Finance_#Neobanks
https://www.youtube.com/watch?v=4FXf_bV95yU,Fundamental_Analysis_of_great_stocks_(MOAT_method)
https://www.youtube.com/watch?v=vl47UUNBPaw,CASH_VS_Cryptos:_What_will_survive?_
https://www.youtube.com/watch?v=iptbESNg_mc,How_many_stocks_should_you_buy?
https://www.youtube.com/watch?v=v8h_YnNyhWc,Crypto_crash_soon?_[not_really!]_#shorts_#cryptocurrency_#bitcoin
https://www.youtube.com/watch?v=PTUVVBQyaXE,"Schools_DON'T_teach_you_about_MONEY,_but_SHOULD!"
https://www.youtube.com/watch?v=wBH3iRQgQp0,Investing_in_Future_Tech_monopolies_
https://www.youtube.com/watch?v=qgFaOB-pNMU,Investing_in_FUTURE_tech_monopolies!__#_No-FAANG_stocks
https://www.youtube.com/watch?v=IsuZEoMGCsA,Should_you_invest_in_the_market_NOW?_
https://www.youtube.com/watch?v=gWs8iAgB6Ek,Why_did_I_invest_INR_85L_in_these_4_stocks?
https://www.youtube.com/watch?v=qgSCMKaE5TU,How_NOT_to_lose_money_-_'Tulip_Mania'_explained
https://www.youtube.com/watch?v=TAouuq2KUXg,How_am_I_investing_for_growth?
https://www.youtube.com/watch?v=olJqTa2vzkM,Right_way_to_Invest_in_GOLD_(Digital_Gold_vs_Physical_Gold?)
https://www.youtube.com/watch?v=sqvK5TI1yZc,Blockchain_&_Corruption_Free_India_
https://www.youtube.com/watch?v=kzZKOSDj4cQ,Use_these_apps_to_make_money_online!
https://www.youtube.com/watch?v=v919XbwhwUw,Learn_this_skill_to_make_A_LOT_of_money_
https://www.youtube.com/watch?v=ctYaB_e4Lb0,5_GREAT_stocks_for_long_term!_#Smallcase
https://www.youtube.com/watch?v=UHkN7ZrvcNQ,Live_investing_-_#FundamentalAnalysis_of_Stocks!_/_Understand_Sector_rotation
https://www.youtube.com/watch?v=kbhdLmMfkfA,How_governments_rob_their_citizens?_#moneyheist_in_real_life
https://www.youtube.com/watch?v=cUrFfBam7H8,How_safe_are_your_Crypto_investments?
https://www.youtube.com/watch?v=mFvSaVs7UZo,"How_to_get_RICH,_starting_from_0_"
https://www.youtube.com/watch?v=-E9pL_Kur1g,Tech_stocks_overvalued?_
https://www.youtube.com/watch?v=zhzv4eQ97mU,4_stocks_in_Consumer_Durable_Goods_industry
https://www.youtube.com/watch?v=H7LAnBpp2CY,My_Philosophy_of_Money_
https://www.youtube.com/watch?v=7L-xmfgKomA,Investing_in_an_UNDERVALUED_sector!
https://www.youtube.com/watch?v=f9RjCbTrOSM,Grow_your_income_MASSIVELY!_
https://www.youtube.com/watch?v=NPLa-JDGjcg,How_our_parents_lose_money:_LESSONS_LEARNT
https://www.youtube.com/watch?v=CN8PwGi_Spw,Easiest_Strategy_to_Invest_in_India_
https://www.youtube.com/watch?v=KoT3XAANJak,Market_CRASH_coming?
https://www.youtube.com/watch?v=PA461nKogws,5_things_to_do_in_college_to_skyrocket_your_career_
https://www.youtube.com/watch?v=iWBjHPFrwrM,Fundamentals_of_Stock_Analysis_
https://www.youtube.com/watch?v=-5hLoMZ5cd4,Is_Crypto_worth_anything?_#NFT_#SMARTCONTRACT_
https://www.youtube.com/watch?v=o-OhcV9H6pw,Banking_stocks_I'm_buying_
https://www.youtube.com/watch?v=98YROwxUI4Y,Fundamental_Analysis:_How_to_pick_the_right_banking_stocks_right_now!
https://www.youtube.com/watch?v=q-cuNO4UanY,4_Great_Stocks_I_am_Buying_
https://www.youtube.com/watch?v=djM5ungZ6mo,IPO_Investing_
https://www.youtube.com/watch?v=PjRmIZP5GKw,Why_you_will_lose_money_in_the_STOCK_MARKETS_
https://www.youtube.com/watch?v=vi7hJLDZIzo,MASTERCLASS_Passive_Income
https://www.youtube.com/watch?v=b1V2qfgOT9A,Best_Platform_-_Buy_and_Sell_Cryptos!_
https://www.youtube.com/watch?v=TW3W0W8PTrc,3_GREAT_financial_decisions_I_made_to_become_Financially_Independent!
https://www.youtube.com/watch?v=b46D9QnK4jA,Stock_Market_Investing_
https://www.youtube.com/watch?v=g6UHikNtmy4,Fundamental_Analysis_of_3_Small_Cap_and_Penny_stocks_
https://www.youtube.com/watch?v=nTS56LqZTnk,Grow_in_your_CAREER_&_on_YouTUBE!_
https://www.youtube.com/watch?v=5ov_LiTAn_U,Speak_English_FLUENTLY!
https://www.youtube.com/watch?v=IwBu_YYXGzY,Why_will_I_NOT_buy_a_house?
https://www.youtube.com/watch?v=Pbx31ib6gT4,Fundamental_Analysis_of_Cryptocurrencies
https://www.youtube.com/watch?v=7Xc9alkDMH8,My_next_3_FINANCIALLY_DUMB_decisions
https://www.youtube.com/watch?v=-xOZP3Ut8J0,Fundamental_Analysis_of_3_Blue-Chip_Stocks!_#FundamentalAnalysis
https://www.youtube.com/watch?v=DvjCPu0odG4,How_do_I_make_money_consistently?
https://www.youtube.com/watch?v=1ktVglH2xk4,"Design_a_diversified_portfolio_by_using_STOCKS,_DEBTS,_Cryptos_(#Bitcoins!)"
https://www.youtube.com/watch?v=g7jO8Qdn43Y,How_Big_Ed-Tech_can_kill_the_education_sector?
https://www.youtube.com/watch?v=zQZVISQWvLU,Work_From_Home_Dad_in_India_(my_life!)
https://www.youtube.com/watch?v=ByVCe0BmcMQ,Where_am_I_investing?
https://www.youtube.com/watch?v=0Ef0Iy9Vf_A,How_am_I_investing_Rs._50_lakhs?_Strategy_Explained!
https://www.youtube.com/watch?v=ie-n7tIX0EU,ITC_-_Should_you_Invest?_
https://www.youtube.com/watch?v=2LuanPuxBnE,5_things_I_did_to_become_financially_free_at_30
https://www.youtube.com/watch?v=ZwPjQYCKzgc,Rising_Startups_of_the_future!
https://www.youtube.com/watch?v=X9Bk2AlQrDA,How_to_be_a_Millionaire?_
https://www.youtube.com/watch?v=PHxVp0eEfPs,Make_money_via_CRYPTOCURRENCIES_
https://www.youtube.com/watch?v=iSZ0iULWymI,Make_BIG_MONEY_from_SMALL_AMOUNT!_
https://www.youtube.com/watch?v=Pylw3tqzv1U,FUNDAMENTAL_ANALYSIS_made_easy_
https://www.youtube.com/watch?v=3C6Y8dGF3Sc,"REALITY_of_SALARIES_at_IIT,_IIMs,_ISB_and_other_institutes_"
https://www.youtube.com/watch?v=z7flclYFFsM,How_to_have_a_'conversation'_during_an_interview?
https://www.youtube.com/watch?v=tKm0eTQ8iDw,Zomato:_(I)_Its_(P)_Probably_(O)_Overpriced_
https://www.youtube.com/watch?v=BSgG3g7ca-g,Why_the_RICH_own_NOTHING?_
https://www.youtube.com/watch?v=E2uMn-tuETY,Health_Insurance_&_Rising_Healthcare_Inflation
https://www.youtube.com/watch?v=WNCOSPaOst8,Smallcase_investing_explained!_(How_NOT_to_lose_money?)_#SmallCase_#StockMarketforbeginners
https://www.youtube.com/watch?v=z37HBLc5tco,ABC:_Akshat's_Book_Club_-_Deep_Work_by_Cal_Newport
https://www.youtube.com/watch?v=HixoHQPLFSs,"How_to_invest_INR_10,000_per_month_in_a_mutual_fund?_#MutualFunds_#InvestmentTips"
https://www.youtube.com/watch?v=oMRZj_R2nq8,How_Did_I_retire_in_my_30s?_#financialfreedom_#Investing
https://www.youtube.com/watch?v=4_09a-AxUvM,6_Things_I_will_NEVER_buy_as_a_Millionaire_
https://www.youtube.com/watch?v=kkftLltoxJo,CASE_STUDY:_Airlines_Industry_in_India_
https://www.youtube.com/watch?v=xMdUDwrrlLQ,100K+_Subs_Celebration_-_Thanks_for_the_support!_:)_#shorts
https://www.youtube.com/watch?v=qqYpoFbbzqw,FAKE_IT?_on_your_resume_and_interviews?
https://www.youtube.com/watch?v=h56R5N0D9cc,90's_Kids_vs_GEN-Z_
https://www.youtube.com/watch?v=9vyKAKUX0WI,How_to_invest_your_first_INR_1_lakh?_
https://www.youtube.com/watch?v=hZjxuCp9ElQ,"Harvard,_Stanford,_INSEAD-_What_do_you_ACTUALLY_learn?"
https://www.youtube.com/watch?v=qZf-_ONigvo,Why_are_CRED's_advertisements_so_effective?_
https://www.youtube.com/watch?v=EYM2UENSObk,Why_do_I_always_smile?_Get_to_know_me!
https://www.youtube.com/watch?v=I1rafrEcCpA,Importance_of_#Networking_#shorts
https://www.youtube.com/watch?v=1EYKX-11aeo,CAREERS_in_India_-_Which_one_should_you_pursue?_
https://www.youtube.com/watch?v=-wQDfiiDBaU,RESUMEs_and_DEGREES._-_are_they_still_worth_it?_
https://www.youtube.com/watch?v=U5CYdmsR9Sw,Wait_or_Invest_now?_
https://www.youtube.com/watch?v=XXPo8SvZPpc,ABC:_Akshat's_Book_Club_-__The_Psychology_of_Money
https://www.youtube.com/watch?v=cGNTVozi6Ns,Why_am_I_investing_in_the_Electric_Vehicle_(EV)_Sector_in_India?_
https://www.youtube.com/watch?v=mHh6gnYvEFQ,MBA:_USA_or_Europe?_
https://www.youtube.com/watch?v=R29lvWs1yBE,Build_STRONG_habits_and_become_a_great_mentor_to_others
https://www.youtube.com/watch?v=BUJv7ehejpU,Why_every_Indian_needs_to_get_a_HEALTH_INSURANCE_-_Health_Insurance_explained_#HealthInsurance
https://www.youtube.com/watch?v=krBXdItE5m0,(Still)_Running_after_a_job_in_2021?_Listen_to_this_#CareerAdvice_#JobMarketTrends
https://www.youtube.com/watch?v=RpNkyTtmC6o,Against_Conventional_Wisdom:_Is_formal_education_system_actually_good?_#CareerTips
https://www.youtube.com/watch?v=DZYv6-nP5Wc,Should_you_do_a_#TechMBA?_#shorts
https://www.youtube.com/watch?v=_DYuHz9VBLo,Become_a_MILLIONAIRE_by_30!_-_Investment_Strategy_Explained_
https://www.youtube.com/watch?v=hLqGReZSr5c,"Buy_Low,_Sell_High_and_make_money_in_STOCK_MARKET_"
https://www.youtube.com/watch?v=-07FjvLc_fg,Case_Study:_Paytm's_Strategy_
https://www.youtube.com/watch?v=iAtcKU5xIOw,One_simple_tip_to_speak_English_fluently_
https://www.youtube.com/watch?v=rT6nZdCZFN8,MBA:_India_or_Abroad?_
https://www.youtube.com/watch?v=gK29O6rf_f4,Inside_the_world_of_VENTURE_CAPITAL_
https://www.youtube.com/watch?v=IvWI14YKw9A,Win_an_INTERNSHIP/JOB_in_2021_
https://www.youtube.com/watch?v=TXJ-8m9NxJA,How_to_be_HAPPY?_
https://www.youtube.com/watch?v=HSUsSBk7Wqg,INR_1_Cr._in_Stock_Market_
https://www.youtube.com/watch?v=rvtElDrxAD8,ABC:_Akshat's_Book_Club_-__The_Subtle_Art_of_Not_Giving_a_F*ck
https://www.youtube.com/watch?v=Q1ZJ3NaVYNA,GET_RICH_in_Stock_Market!_
https://www.youtube.com/watch?v=GPdaC1957oA,CASE_STUDY:_TATA_Group_
https://www.youtube.com/watch?v=LNH92gLyWNI,Career_in_MIDDLE_EAST_
https://www.youtube.com/watch?v=NjARAAZnoB0,Should_you_do_an_MBA?_
https://www.youtube.com/watch?v=TbWQ7ZC1JEc,CREDIT_CARDS_and_BAD_FINANCIAL_HABITS_
https://www.youtube.com/watch?v=EjGsFj3t5X0,Grow_in_your_Career!_
https://www.youtube.com/watch?v=4TbdqWbF_PE,GET_RICH_by_analyzing_stocks!_
https://www.youtube.com/watch?v=hzhqDyZTpfU,Case_Study:_ZERODHA_
https://www.youtube.com/watch?v=Fi_kMc6hLxI,Become_wealthy_and_invest_in_'assets'_
https://www.youtube.com/watch?v=DNYCgsyOAW4,Finance_for_Dummies_
https://www.youtube.com/watch?v=5UNyxzwP7BM,The_power_of_Investing_
https://www.youtube.com/watch?v=BH96YTu88p8,FOMO_Marketing_in_Ed-tech_
https://www.youtube.com/watch?v=Vh0f3K8Jp1I,Best_Career_Paths_in_India!_
https://www.youtube.com/watch?v=-ZiHE82-x3c,INVESTMENT_BANKING_vs._MANAGEMENT_CONSULTING_
https://www.youtube.com/watch?v=H0WD-yF9AGo,Amazon_MGM_deal:_Netflix_competition?_
https://www.youtube.com/watch?v=0hjpOEwFeTA,Consulting_Interviews_
https://www.youtube.com/watch?v=BfTtp-5nfK4,Case_Study:_Zomato's_IPO_
https://www.youtube.com/watch?v=XNTNdNL0HBw,GET_RICH_by_INFLATION_
https://www.youtube.com/watch?v=7o9faZReOuI,MBA_in_USA?_Here's_the_checklist_
https://www.youtube.com/watch?v=gXJMKbSYSzw,Want_to_Work_abroad?_Know_what_to_do!_
https://www.youtube.com/watch?v=CbCkhscjgaA,Write_AWESOME_Emails_
https://www.youtube.com/watch?v=WUacVXg1uVk,Jobs_in_SINGAPORE__
https://www.youtube.com/watch?v=bd2YlYE2DFY,How_to_become_an_INVESTMENT_BANKER?_
https://www.youtube.com/watch?v=qEglKvuwIVc,Case_Study:_Why_RELIANCE_will_become_India's_biggest_tech_company?_
https://www.youtube.com/watch?v=KZV5OS3INY8,Tips_from_a_Management_Consultant_to_become_more_PRODUCTIVE!_
https://www.youtube.com/watch?v=5c70QrCVH6E,MBA_-_2_years_versus_1_year_
https://www.youtube.com/watch?v=niEK_1Xwwws,How_to_THINK_about_Career_and_Money
https://www.youtube.com/watch?v=bAJ1D7bW8L8,"Salaries_in_Consulting_-_Mckinsey,_BCG,_Bain"
https://www.youtube.com/watch?v=msIaL-136i8,Elon_dumps_Bitcoin_
https://www.youtube.com/watch?v=VBbgrnaP8yI,FINANCE:_Career_Options_
https://www.youtube.com/watch?v=ZPquLlQ_qR0,HIGHEST_RECRUITMENT-_Management_Consulting!_#shorts
https://www.youtube.com/watch?v=P9teWNAab1Q,MBA_or_MiM?
https://www.youtube.com/watch?v=LSuFcP29Ntw,"Make_Rs._1_CRORE_from_Rs._15,000_monthly_investment_"
https://www.youtube.com/watch?v=JV06tippAq0,"McKinsey,_Bain,_BCG:_Work_life_balance?_MBA?_Cases?_(Basics)"
https://www.youtube.com/watch?v=Nla2U0_Nw3E,"Get_into_MCKINSEY,_BCG,_BAIN!_"
https://www.youtube.com/watch?v=72RxiPBxzRY,BEST_1-YEAR_MBA_PROGRAMS_#shorts
https://www.youtube.com/watch?v=FEAHnilxy6w,DON'T_invest_in_stocks_if_you_don't_WANT_to_learn_
https://www.youtube.com/watch?v=5KXueVtv2mk,STUDY_ABROAD?_
https://www.youtube.com/watch?v=6lUMyx12-r4,HARVARD_BUSINESS_SCHOOL:_Top_skill_you_need_to_get_into_HBS_#shorts
https://www.youtube.com/watch?v=SoPysgleHB8,Can_Modi_Ban_Bitcoin_(and_other_Cryptocurrencies?)_
https://www.youtube.com/watch?v=46HtE-ebk80,Get_that_job_with_an_AWESOME_VIDEO_RESUME!_
https://www.youtube.com/watch?v=87Qczya5HTU,How_to_become_rich?_
https://www.youtube.com/watch?v=yJGky2gqpnU,How_to_impress_your_boss?
https://www.youtube.com/watch?v=s_-e0vwFPwA,Want_to_IMPRESS_YOUR_BOSS_and_get_a_HIGH_RATING?
https://www.youtube.com/watch?v=MnGoddRQ3qI,SMART_READING--_Don't_like_reading_books?_This_is_what_you_need_to_do_to_read_more_effectively
https://www.youtube.com/watch?v=kroV540RFak,How_to_get_a_job_at_McKinsey/BCG/Bain?_#shorts
https://www.youtube.com/watch?v=qFluIaEU1KY,How_to_network_in_the_offline_world?_
https://www.youtube.com/watch?v=OeGZR_27Tgs,Learn_how_to_network_effectively_and_get_a_job_at_McKinsey!_
https://www.youtube.com/watch?v=Nv1mbDVxGZc,CRYPTOS_or_CASH?_
https://www.youtube.com/watch?v=4PIQznQs5Rc,Want_better_jobs?_Learn_to_Network_
https://www.youtube.com/watch?v=V-LWUcw0sfQ,Negotiating_Salary_
https://www.youtube.com/watch?v=8VioTIBXYms,Negotiating_job_offers_
https://www.youtube.com/watch?v=8ilU-PzbXqo,Negotiations_Basics_
https://www.youtube.com/watch?v=_E0xvLeE1TY,Become_a_smart_negotiator_
https://www.youtube.com/watch?v=LVhpws4zGDc,GMAT_
https://www.youtube.com/watch?v=X_Gfx6rCBGY,Social_Impact_Career_Paths_
https://www.youtube.com/watch?v=khGAVJlqCcY,Ace_your_communication_style!
https://www.youtube.com/watch?v=CsfrqOSn6og,Can_this_HEC_MBA_graduate_get_into_McKinsey/BCG/Bain?
